{"cameraMode":{"drawMode":0,"name":"Shaded","section":"Shading Mode"},"sceneLighting":true,"audioPlay":false,"sceneViewState":{"showFog":true,"showMaterialUpdate":false,"showSkybox":true,"showFlares":true,"showImageEffects":true,"showParticleSystems":true},"in2DMode":false,"pivot":{"x":4.780767440795898,"y":-17.359922409057618,"z":-6.492449760437012},"rotation":{"x":0.149628147482872,"y":-0.7572135925292969,"z":0.18585698306560517,"w":0.6082050800323486},"size":167.2920379638672,"orthographic":false}