{"cameraMode":{"drawMode":0,"name":"Shaded","section":"Shading Mode"},"sceneLighting":true,"audioPlay":false,"sceneViewState":{"showFog":true,"showMaterialUpdate":false,"showSkybox":true,"showFlares":true,"showImageEffects":true,"showParticleSystems":true},"in2DMode":false,"pivot":{"x":-17.955591201782228,"y":-14.526960372924805,"z":14.137847900390625},"rotation":{"x":0.1780751645565033,"y":-0.30434149503707888,"z":0.058028463274240497,"w":0.9339959621429443},"size":124.67701721191406,"orthographic":false}