{"cameraMode":{"drawMode":2,"name":"Shaded Wireframe","section":"Shading Mode"},"sceneLighting":true,"audioPlay":false,"sceneViewState":{"showFog":true,"showMaterialUpdate":false,"showSkybox":true,"showFlares":true,"showImageEffects":true,"showParticleSystems":true},"in2DMode":false,"pivot":{"x":139.7191162109375,"y":-12.271820068359375,"z":25.76055335998535},"rotation":{"x":0.11497673392295838,"y":0.7391767501831055,"z":-0.1306123584508896,"w":0.6506597399711609},"size":277.98760986328127,"orthographic":false}